Gemeente;GemeenteCode;VVD;CDA;PVV;D66;SP;GROENLINKS;PvdA;CU;50PLUS;PvdD;SGP;FvD;DENK;VNL;Piratenpartij;NIEUWE WEGEN;OndernemersPartij;Artikel 1;Lokaal in de Kamer;Niet Stemmers;De Burger Beweging;GeenPeil;Vrijzinnige Partij;JEZUS LEEFT;Libertarische Partij (LP);MenS en Spirit / Basisinkomen Partij / V-R;StemNL;Vrije Democratische Partij (VDP);;
Appingedam;0003;889;1033;1095;605;1431;559;673;317;270;161;24;98;85;19;13;10;13;6;16;6;6;0;0;;1;;;;;
Bedum;0005;854;1446;503;682;885;664;546;828;138;186;97;85;0;12;20;6;9;0;10;4;5;1;0;;0;;;;;
Bellingwedde;0007;821;555;1123;402;1069;411;551;163;223;271;16;119;1;9;24;12;11;1;6;3;3;1;1;;1;;;;;
De Marne;1663;864;1105;828;457;902;574;542;521;172;269;81;97;1;21;14;7;14;0;1;4;0;1;2;;1;;;;;
Delfzijl;0010;1975;2080;2401;1190;2540;1028;1322;797;723;345;86;235;268;58;55;14;19;9;13;13;8;8;3;;4;;;;;
Eemsmond;1651;1259;1731;1124;738;1667;763;960;1018;272;316;140;122;1;32;26;9;13;5;10;10;4;5;0;;1;;;;;
Groningen;0014;17696;8621;8723;25973;14152;24642;10438;5757;2181;6737;453;2220;501;280;953;137;133;210;81;119;82;72;45;;33;;;;;
Grootegast;0015;1063;2052;867;497;781;413;342;809;185;132;175;144;1;28;20;9;16;0;5;7;4;1;3;;0;;;;;
Haren;0017;2946;1526;656;2301;854;1863;1165;766;241;564;75;196;8;26;34;20;14;7;17;6;2;15;8;;3;;;;;
Hoogezand-Sappemeer;0018;2832;1788;3050;1713;3753;1808;1907;820;900;576;73;300;497;66;65;26;27;13;36;15;11;9;5;;3;;;;;
Leek;0022;2145;1969;1372;1234;1478;1090;994;1045;391;297;143;201;21;30;36;14;18;3;15;11;6;4;8;;3;;;;;
Loppersum;0024;693;1303;551;534;946;723;519;625;186;232;120;58;2;21;27;7;9;1;11;6;3;0;0;;1;;;;;
Marum;0025;1264;1189;945;538;767;429;464;394;217;156;73;114;1;24;18;10;14;3;9;7;3;2;2;;4;;;;;
Menterwolde;1987;1041;721;1376;632;1581;559;689;272;356;228;31;129;9;21;25;7;14;4;18;4;7;1;1;;1;;;;;
Oldambt;1895;3260;2412;4525;1837;4682;1715;2211;849;952;666;113;440;12;75;75;29;30;4;21;15;9;9;9;;6;;;;;
Pekela;0765;765;744;1791;372;1779;417;614;206;269;163;50;106;15;29;23;10;14;1;11;11;8;1;2;;3;;;;;
Slochteren;0040;1590;1250;1088;921;1314;782;777;881;297;269;122;135;3;27;27;12;33;1;6;4;6;3;0;;2;;;;;
Stadskanaal;0037;2310;3318;3150;1218;3250;990;1461;1865;742;345;279;345;7;53;54;17;28;3;32;18;13;6;3;;3;;;;;
Ten Boer;0009;532;852;395;416;643;527;409;595;129;145;96;59;1;11;22;1;5;1;10;3;2;0;0;;0;;;;;
Veendam;0047;2380;1702;2831;1561;3252;1183;1591;509;665;432;68;335;314;48;49;8;22;6;51;17;10;6;12;;6;;;;;
Vlagtwedde;0048;1492;1591;1887;662;1650;563;753;322;452;309;83;164;2;37;21;35;21;1;16;7;4;4;2;;5;;;;;
Winsum;0053;1080;1579;585;875;1064;1128;984;861;208;348;107;110;0;26;37;13;7;4;17;7;9;0;2;;0;;;;;
Zuidhorn;0056;1726;2322;823;1316;1203;1236;902;1887;220;304;266;130;5;32;28;13;12;9;7;8;5;4;6;;1;;;;;
Achtkarspelen;0059;2013;4106;2872;903;1948;788;1085;1767;487;282;277;348;5;44;29;39;21;;18;;11;3;3;;5;;;;;
Ameland;0060;715;613;265;261;174;173;240;54;75;69;8;80;0;5;8;2;8;;4;;0;1;0;;0;;;;;
Dantumadiel;1891;1173;3118;1703;597;1484;551;698;1249;320;202;663;152;3;48;38;26;19;;7;;4;2;2;;2;;;;;
De Fryske Marren;1940;7265;7443;3636;3164;3055;2205;2333;1037;958;755;360;612;53;122;71;80;61;;23;;33;24;15;;4;;;;;
Dongeradeel;0058;1909;4556;1702;1019;1589;901;827;1190;396;382;213;289;3;51;38;23;16;;14;;9;5;10;;0;;;;;
Ferwerderadiel;1722;780;1491;565;346;571;328;338;410;185;146;54;91;4;15;10;14;3;;0;;2;2;1;;1;;;;;
Franekeradeel;0070;2268;2758;1446;1122;1363;1045;1028;562;429;342;61;222;11;45;38;28;14;;20;;8;8;9;;0;;;;;
Harlingen;0072;1841;1360;1334;864;1233;771;846;367;435;347;48;240;15;47;31;43;16;;7;;1;5;1;;0;;;;;
Heerenveen;0074;6259;4318;3120;3757;3781;2996;3378;1106;898;869;125;522;238;107;101;86;57;;31;;25;13;3;;0;;;;;
het Bildt;0063;1092;1386;731;497;822;457;505;229;211;217;29;137;0;14;22;11;15;;6;;3;1;1;;2;;;;;
Kollumerland en Nieuwkruisland;0079;1131;2251;1089;472;835;413;394;606;241;149;149;158;0;23;13;18;13;;11;;10;1;2;;5;;;;;
Leeuwarden;0080;10422;7294;7221;9023;8194;8809;6964;2391;1913;3041;241;1487;334;248;354;176;103;;62;;57;45;35;;22;;;;;
Leeuwarderadeel;0081;1161;1317;650;673;784;518;744;323;204;201;29;117;6;19;23;13;9;;9;;2;4;0;;3;;;;;
Littenseradiel;0140;1422;1795;502;688;636;638;628;225;173;209;40;77;2;27;16;22;14;;8;;3;2;1;;2;;;;;
Menameradiel;1908;1618;1737;849;924;972;760;885;333;250;215;48;136;3;30;21;34;13;;9;;2;2;2;;3;;;;;
Ooststellingwerf;0085;2798;2746;2196;1488;1950;1300;1418;669;559;549;136;356;8;57;41;34;39;;21;;17;3;12;;4;;;;;
Opsterland;0086;3271;3195;1793;1886;2281;1610;1856;1397;501;485;267;254;9;75;43;50;32;;18;;20;20;3;;2;;;;;
Schiermonnikoog;0088;207;138;52;126;79;149;102;50;12;58;8;9;0;6;1;3;1;;0;;2;0;1;;0;;;;;
Smallingerland;0090;5075;6048;3982;3200;4445;2800;3103;3235;971;901;500;559;71;104;110;136;43;;19;;25;16;9;;10;;;;;
Súdwest-Fryslân;1900;10248;12420;5769;5164;5288;4145;3890;2094;1454;1401;289;993;100;190;159;337;69;;47;;34;30;22;;7;;;;;
Terschelling;0093;1008;423;345;450;247;335;435;78;98;144;9;77;1;12;22;10;8;;2;;1;3;1;;1;;;;;
Tytsjerksteradiel;0737;3099;5099;2216;1808;2130;1526;1611;1350;557;511;234;347;5;95;47;65;40;;14;;18;2;9;;8;;;;;
Vlieland;0096;254;68;72;139;61;94;63;21;30;35;9;8;0;8;4;2;0;;0;;0;0;0;;0;;;;;
Weststellingwerf;0098;3294;2668;2384;1453;2022;1247;1301;425;604;459;83;266;43;55;50;27;25;;16;;116;6;3;;3;;;;;
Aa en Hunze;1680;4268;1740;1681;2163;1937;1534;1830;345;612;546;58;246;3;59;45;25;82;;22;;9;5;3;;2;;;;;
Assen;0106;6993;4834;4193;5221;5050;4355;3851;3536;1152;1299;332;681;215;136;167;71;52;;40;;41;16;34;;10;;;;;
Borger-Odoorn;1681;3280;2197;2520;1524;2434;1087;1490;652;612;469;124;338;0;57;47;22;25;;46;;22;7;6;;4;;;;;
Coevorden;0109;5123;3839;3229;2100;2646;1333;1987;582;840;465;174;381;19;93;42;29;26;;18;;14;3;15;;1;;;;;
De Wolden;1690;4452;3024;1527;1592;1200;959;1117;600;572;388;180;286;3;50;23;21;26;;20;;10;4;3;;6;;;;;
Emmen;0114;9869;9455;12418;5367;10227;4304;5627;1953;3008;1412;328;1518;324;237;144;115;101;;80;;54;27;12;;8;;;;;
Hoogeveen;0118;5385;6958;5307;2394;4292;1812;1993;2423;1194;582;693;720;147;135;70;45;49;;31;;14;6;6;;1;;;;;
Meppel;0119;4590;2893;2159;2486;2396;1928;1614;1242;682;586;108;360;168;74;56;46;35;;14;;23;9;1;;7;;;;;
Midden-Drenthe;1731;4555;3871;2466;2194;2422;1574;2007;902;807;523;215;411;9;82;43;20;40;;26;;19;12;10;;1;;;;;
Noordenveld;1699;4441;2597;2270;2622;2062;2082;2180;851;643;617;98;313;1;48;41;32;34;;37;;11;5;5;;2;;;;;
Tynaarlo;1730;5283;2509;1761;3401;1861;2485;2181;986;573;702;70;284;9;57;62;22;31;;52;;8;8;6;;5;;;;;
Westerveld;1701;3316;1775;1267;1348;1217;1093;1252;377;483;518;80;206;2;56;23;20;20;;5;;11;6;5;;4;;;;;
Almelo;0141;7503;6518;7520;4049;4595;2734;2389;1378;1265;886;216;688;1855;147;130;49;49;18;25;31;11;17;7;;;;;;;
Borne;0147;3420;3576;1639;1839;1506;952;775;233;347;248;33;245;53;51;47;15;11;0;11;5;4;4;1;;;;;;;
Dalfsen;0148;3620;5958;1462;1574;1258;800;797;1653;461;306;456;235;3;68;31;17;24;6;11;4;7;9;6;;;;;;;
Deventer;0150;11349;6266;6522;9095;6379;7337;5123;1632;1810;2218;189;780;2279;188;230;78;56;38;42;43;48;40;16;;;;;;;
Dinkelland;1774;4452;6560;1975;1466;1093;594;554;92;374;186;28;205;7;37;26;8;11;0;13;6;8;1;1;;;;;;;
Enschede;0153;15236;11163;14331;12362;10653;8574;5837;3231;2124;2551;376;1690;2774;326;581;77;96;59;66;57;36;55;22;;;;;;;
Haaksbergen;0158;3825;3916;1792;1736;1586;796;814;171;472;253;32;247;248;58;29;11;17;2;5;3;4;11;5;;;;;;;
Hardenberg;0160;6705;9959;4347;2661;3351;1551;1710;4936;1168;522;764;640;30;134;74;34;56;9;30;15;16;15;10;;;;;;;
Hellendoorn;0163;4622;7287;2498;2113;2239;1292;1063;1168;598;375;192;301;37;51;36;25;25;4;25;12;15;5;3;;;;;;;
Hengelo;0164;9521;8438;6180;6532;6599;4113;3182;1240;1181;1328;143;873;1015;186;173;66;50;27;28;32;23;16;21;;;;;;;
Hof van Twente;1735;6210;5851;2466;2560;1956;1200;1458;318;590;354;108;346;126;83;54;19;20;4;15;9;6;7;3;;;;;;;
Kampen;0166;4543;6505;3769;2084;2626;1934;1373;4683;795;534;3630;475;378;82;83;31;15;13;13;17;9;6;8;;;;;;;
Losser;0168;2900;3696;2338;1497;1436;668;583;136;508;213;15;228;44;38;29;9;17;2;16;6;3;3;0;;;;;;;
Oldenzaal;0173;4777;4277;2525;2680;2186;1350;980;165;529;351;28;333;335;74;52;20;14;4;10;6;5;11;1;;;;;;;
Olst-Wijhe;1773;2539;2421;1113;1376;1089;937;990;267;403;321;70;115;58;48;27;17;15;4;8;7;4;8;3;;;;;;;
Ommen;0175;2082;3739;936;1006;726;488;475;1289;275;169;209;161;3;35;23;9;9;3;5;2;6;6;4;;;;;;;
Raalte;0177;5988;7112;1860;2861;1969;1444;1117;423;797;322;61;281;104;64;38;37;22;4;21;10;13;12;3;;;;;;;
Rijssen-Holten;1742;3646;5043;2316;1268;1149;688;810;2824;444;233;5899;303;153;63;28;23;22;2;13;12;12;3;5;;;;;;;
Staphorst;0180;1095;1893;906;309;280;212;222;1771;136;111;3659;136;0;20;12;8;4;1;5;5;4;4;2;;;;;;;
Steenwijkerland;1708;5924;5441;3455;2504;2620;1628;2028;1958;914;653;349;417;132;81;61;34;40;12;23;22;19;17;2;;;;;;;
Tubbergen;0183;3222;5749;1599;973;748;374;314;75;285;119;38;185;1;48;16;7;11;1;6;3;2;3;5;;;;;;;
Twenterand;1700;2966;6200;3287;1065;2018;589;712;2003;573;214;977;242;5;62;57;10;26;1;18;7;6;10;4;;;;;;;
Wierden;0189;3750;4853;1808;1222;945;600;508;1264;306;158;630;216;18;41;18;12;15;0;15;5;4;7;0;;;;;;;
Zwartewaterland;1896;1791;2742;1363;589;779;375;511;2334;258;145;2952;169;3;31;20;7;6;0;6;8;1;6;1;;;;;;;
Zwolle;0193;14074;9060;6379;11912;6967;9374;5700;8334;1897;2727;798;1121;966;198;330;85;78;69;43;62;44;37;35;;;;;;;
Almere;0034;22822;7151;17134;13311;9527;10890;6535;2859;5029;4251;274;2522;3120;657;668;256;179;2132;118;109;80;70;39;113;20;;;;;
Dronten;0303;6477;4515;2957;2243;1851;1617;1044;1754;793;569;383;523;282;114;81;49;53;5;10;10;12;6;11;16;7;;;;;
Lelystad;0995;8493;3825;7671;4147;4143;3796;2564;1590;1975;1670;333;921;1308;230;216;90;64;227;49;45;24;31;14;45;11;;;;;
Noordoostpolder;0171;6283;5647;3238;2184;2357;1346;1280;2261;713;523;1221;494;203;108;66;39;38;15;26;20;27;19;8;52;3;;;;;
Urk;0184;210;1680;1304;58;78;29;19;1376;55;22;6635;199;9;21;22;3;4;0;1;4;1;2;0;77;1;;;;;
Zeewolde;0050;3713;1922;1743;1300;787;760;431;1158;365;364;226;326;49;72;48;15;27;7;8;6;6;3;5;19;1;;;;;
Berg en Dal;1945;4717;3009;3567;2630;3487;2398;1361;180;746;844;38;309;37;59;61;16;28;15;14;11;11;6;6;5;4;;2;;;
Beuningen;0209;4201;2107;2461;2010;2094;1293;814;146;628;345;23;263;50;71;44;21;23;9;13;8;6;5;4;4;1;;1;;;
Buren;0214;4801;2077;3020;1567;1096;780;913;465;569;406;886;356;12;66;20;23;30;3;7;0;3;5;2;6;1;;1;;;
Culemborg;0216;3673;1682;2316;2299;1269;2201;1149;504;488;657;175;271;770;55;52;23;14;28;13;11;21;4;5;15;2;;1;;;
Druten;0225;3024;1525;1674;1442;1565;777;582;69;445;249;20;200;208;45;26;16;16;7;12;5;5;3;0;5;2;;1;;;
Geldermalsen;0236;4408;2308;2860;1505;969;917;731;435;555;337;1745;363;57;69;44;13;15;4;6;5;0;8;2;5;1;;2;;;
Heumen;0252;2708;1659;1064;1721;1224;1153;667;128;252;326;9;125;15;16;35;5;8;0;6;3;10;2;3;3;0;;0;;;
Lingewaal;0733;1659;1241;1204;543;412;341;416;539;185;155;400;128;24;23;14;11;2;3;1;1;4;2;1;11;1;;0;;;
Maasdriel;0263;3947;2852;3197;1148;1346;668;509;199;498;290;295;293;40;52;40;13;18;1;6;7;1;5;6;4;1;;1;;;
Neder-Betuwe;1740;2144;1582;2033;673;759;404;689;677;384;183;4618;188;53;41;20;12;22;1;3;4;7;3;2;17;0;;0;;;
Neerijnen;0304;1775;1134;1349;562;456;326;373;273;218;163;944;125;12;25;18;10;12;3;3;5;1;2;0;2;0;;0;;;
Nijmegen;0268;15952;7384;10613;21666;12451;22391;7004;1432;2018;5219;152;1377;2152;203;468;111;80;192;58;82;97;45;38;45;19;;8;;;
Tiel;0281;5488;2319;4179;2479;2091;1982;1468;509;903;681;201;550;1084;104;73;73;25;14;24;12;20;18;10;20;0;;0;;;
West Maas en Waal;0668;3545;1893;1931;1158;1718;671;495;69;466;272;18;196;5;57;28;27;19;3;9;4;4;4;4;6;1;;1;;;
Wijchen;0296;6737;3592;3770;3340;3315;1892;1337;236;891;638;35;360;115;85;62;34;51;11;22;22;7;9;1;3;2;;1;;;
Zaltbommel;0297;3489;2213;1957;1525;1189;974;776;1226;399;358;2520;287;160;49;37;23;12;6;8;6;6;1;4;7;0;;3;;;
Aalten;0197;3324;4255;1657;1707;2217;1137;793;814;506;311;117;183;107;44;33;18;36;4;15;9;10;2;4;7;2;5;0;;;
Apeldoorn;0200;22460;12862;11773;12410;8364;8902;5995;4938;3307;3063;3308;1691;2010;360;311;107;108;42;65;60;60;54;21;63;19;56;5;;;
Arnhem;0202;15398;6093;10622;14765;9036;13047;5784;2180;2087;4658;221;1369;3268;237;424;108;90;224;50;68;54;34;46;69;23;59;4;;;
Barneveld;0203;6384;6880;3557;1728;1159;973;698;4232;729;402;8136;481;373;105;57;32;37;10;16;10;22;9;5;34;8;8;0;;;
Berkelland;1859;6702;6099;2995;3408;3834;1973;2017;419;782;575;80;382;69;118;54;24;64;12;33;15;9;4;10;2;2;17;2;;;
Bronckhorst;1876;6323;5227;2253;2850;2272;1486;1467;512;734;592;225;326;25;80;36;28;44;10;17;6;14;3;6;13;5;12;2;;;
Brummen;0213;3199;1712;1669;1671;1506;1152;1073;246;487;406;57;214;267;55;34;16;19;2;12;8;8;7;2;2;1;8;0;;;
Doesburg;0221;1354;824;1054;877;1078;629;486;152;237;248;21;103;271;17;14;6;3;2;8;2;5;4;4;2;2;6;0;;;
Doetinchem;0222;7576;4976;4485;4517;4459;2881;2291;815;1018;869;356;464;508;101;107;66;67;8;22;19;6;8;9;15;2;13;2;;;
Duiven;0226;4219;2345;2132;2053;1770;1298;859;253;643;431;36;303;57;53;39;24;25;7;13;7;5;5;7;1;1;7;2;;;
Ede;0228;13614;10686;7450;6581;3571;4585;2730;7348;1573;1610;9171;1100;1532;226;177;65;74;30;20;33;24;26;11;63;6;42;8;;;
Elburg;0230;2357;2865;1523;719;738;437;378;2661;334;206;2280;140;2;40;25;10;6;6;3;6;5;5;2;23;3;3;1;;;
Epe;0232;5077;3280;2592;2060;1600;1171;1364;1127;755;559;893;312;364;69;43;21;25;3;17;9;11;4;4;21;2;5;1;;;
Ermelo;0233;3646;3574;1642;1321;924;978;604;2217;416;442;1201;295;68;49;41;19;11;6;10;4;3;14;6;26;5;4;0;;;
Harderwijk;0243;6649;4908;3172;2485;1635;1882;1210;2854;752;709;790;454;1147;85;76;45;41;11;14;21;18;10;1;22;3;6;0;;;
Hattem;0244;1512;1526;658;827;584;452;563;1342;169;132;180;92;21;25;12;4;4;2;2;1;1;2;0;26;0;3;0;;;
Heerde;0246;2233;2620;1528;902;928;509;697;1599;333;223;468;153;22;32;26;10;6;0;5;5;1;2;1;11;0;1;1;;;
Lingewaard;1705;8125;4261;3774;4035;3353;2245;1496;289;1078;727;37;485;50;84;61;22;38;6;20;10;13;10;7;9;3;6;2;;;
Lochem;0262;6413;3651;1551;3464;1763;2160;1644;404;627;656;69;302;201;63;43;23;26;7;11;20;9;5;6;1;1;12;0;;;
Montferland;1955;5486;4284;4015;2148;2744;1237;997;150;875;486;39;361;105;74;61;22;30;9;19;13;5;13;6;7;3;11;2;;;
Nijkerk;0267;6043;4877;3363;2083;1244;1269;966;2835;668;464;1862;392;334;78;55;33;23;9;12;10;10;3;10;17;4;4;2;;;
Nunspeet;0302;2836;2925;1810;791;692;509;387;2420;340;276;4396;209;37;66;33;9;12;1;6;4;4;3;0;29;0;6;1;;;
Oldebroek;0269;1831;2863;1775;644;777;392;485;3018;322;164;2203;174;5;37;13;8;9;1;11;7;2;5;3;39;0;2;0;;;
Oost Gelre;1586;4853;4780;1768;2316;2115;1119;920;114;749;296;39;261;73;78;29;32;40;3;23;2;5;12;4;4;1;14;0;;;
Oude IJsselstreek;1509;5606;4707;3043;2755;3394;1538;1360;373;885;502;63;288;620;80;48;22;96;6;27;18;10;6;9;8;6;11;4;;;
Overbetuwe;1734;7459;4543;3679;4078;2695;2222;1492;906;862;749;609;467;117;84;58;40;34;4;18;14;12;6;5;8;2;9;2;;;
Putten;0273;3560;3368;1836;818;619;471;369;2182;348;246;1916;208;38;36;15;8;15;2;3;7;5;2;1;21;3;5;0;;;
Renkum;0274;5001;2524;1879;3518;1471;2439;1469;579;524;909;125;286;92;49;50;22;13;8;8;13;11;4;7;6;2;15;1;;;
Rheden;0275;5829;3091;3529;4016;3157;2868;2176;744;763;1151;132;370;322;86;82;41;33;16;14;21;16;11;4;22;0;15;0;;;
Rijnwaarden;0196;1447;958;1309;655;958;373;309;63;347;163;12;130;6;27;17;8;7;1;4;4;4;2;5;1;0;6;2;;;
Rozendaal;0277;456;115;61;197;17;85;65;24;21;40;5;16;0;1;1;0;0;0;0;0;1;0;1;0;1;0;0;;;
Scherpenzeel;0279;1418;1059;712;336;216;158;167;561;109;62;1281;123;10;25;5;3;6;0;5;1;0;0;0;6;0;2;0;;;
Voorst;0285;4340;2960;1444;1994;1394;953;1003;313;544;319;301;210;58;53;25;10;26;0;14;12;12;1;3;6;1;4;3;;;
Wageningen;0289;3232;1853;1418;5485;1678;4760;1775;1124;378;1040;233;270;92;37;118;20;11;23;8;14;15;11;10;8;4;8;1;;;
Westervoort;0293;1859;1202;1484;1186;1275;803;606;204;378;298;20;161;70;27;24;15;11;5;6;6;3;6;3;5;5;7;1;;;
Winterswijk;0294;4174;2835;1707;2279;2160;1572;1482;363;618;369;64;276;155;94;39;16;38;5;10;9;10;3;9;10;3;11;1;;;
Zevenaar;0299;4947;3262;2778;2487;2527;1511;1286;209;836;563;26;310;186;64;44;34;22;8;20;18;5;6;6;4;5;10;0;;;
Zutphen;0301;4971;2799;2944;4137;3760;4005;2517;910;859;1689;109;371;553;74;95;38;40;22;10;14;24;20;13;22;5;22;9;;;
Amersfoort;0307;20255;9192;8611;14970;6766;11847;5408;6585;1988;3373;910;1404;3414;286;401;147;91;123;;57;40;59;28;40;26;35;6;;;
Baarn;0308;4438;1764;1529;2394;931;1413;862;586;417;593;192;298;246;57;48;14;14;15;;8;7;7;2;4;22;8;0;;;
Bunnik;0312;2505;1494;798;1700;462;1362;685;328;206;310;161;136;14;16;32;14;9;8;;2;12;7;3;1;1;1;0;;;
Bunschoten;0313;2040;3342;1775;342;310;258;169;3428;242;98;1015;223;95;29;26;6;5;4;;4;0;2;0;63;1;5;1;;;
De Bilt;0310;7620;2923;2378;4603;1650;3247;1703;999;586;1124;893;393;234;85;91;31;23;18;;17;6;14;9;12;4;12;0;;;
De Ronde Venen;0736;9331;3921;3294;3435;1170;1916;1211;914;811;812;446;612;207;128;80;35;59;19;;13;11;9;6;7;6;14;0;;;
Eemnes;0317;1906;804;640;800;344;374;342;170;185;207;56;150;8;23;18;9;10;1;;4;5;1;0;4;1;3;0;;;
Houten;0321;7958;3810;3147;4622;1827;3129;1734;1968;831;863;728;448;155;104;94;29;40;47;;9;6;15;7;11;4;5;1;;;
IJsselstein;0353;5783;2634;2804;2996;1447;1630;1036;517;693;551;212;368;399;87;44;19;25;35;;8;8;6;4;15;3;4;0;;;
Leusden;0327;5464;2968;1501;2896;1167;1770;1037;1186;490;596;376;395;73;63;62;21;25;12;;13;12;11;6;6;5;11;0;;;
Lopik;0331;2199;1761;1438;566;438;339;268;724;250;170;727;139;69;45;17;10;11;3;;6;7;2;2;9;0;5;2;;;
Montfoort;0335;2643;1504;1086;922;416;528;356;501;216;174;521;179;80;31;22;10;14;3;;5;1;5;3;7;0;6;0;;;
Nieuwegein;0356;8169;3965;6093;4540;3668;3201;2273;1000;1527;1148;233;668;684;166;156;57;35;133;;24;17;21;9;29;3;14;4;;;
Oudewater;0589;2004;1243;760;648;287;357;223;358;163;142;297;117;18;36;11;5;7;2;;1;3;1;1;4;0;2;1;;;
Renswoude;0339;670;709;363;124;103;62;53;290;71;45;670;67;3;16;3;0;2;0;;4;0;2;0;2;0;0;0;;;
Rhenen;0340;2521;1573;1663;1096;613;760;577;733;307;254;2002;232;124;52;17;6;9;2;;11;5;5;2;10;4;4;0;;;
Soest;0342;8575;3414;3449;3805;1472;2334;1311;1073;810;992;481;512;1130;97;91;28;27;22;;15;16;5;14;13;1;9;2;;;
Stichtse Vecht;1904;11581;4789;5296;5675;2363;3263;2116;1341;1288;1254;826;743;360;148;124;51;48;42;;28;19;5;11;27;11;12;1;;;
Utrecht;0344;35248;11377;15157;46444;9995;42093;12030;5486;2952;9482;671;2430;11441;380;1077;196;144;644;;95;58;132;61;74;43;59;11;;;
Utrechtse Heuvelrug;1581;8758;4025;2976;4669;1668;3136;1705;1337;792;1183;1297;555;305;72;72;44;26;12;;18;13;11;8;21;2;13;1;;;
Veenendaal;0345;7465;5822;4689;2986;2414;2079;1273;5518;979;592;4202;642;1385;134;107;45;24;19;;14;23;21;8;34;6;14;5;;;
Vianen;0620;2871;1666;1954;1360;908;870;737;390;434;353;356;214;206;52;38;16;21;14;;5;3;7;2;7;1;2;1;;;
Wijk bij Duurstede;0352;4051;1983;2055;1838;1257;1336;813;478;391;420;390;299;68;48;45;21;16;5;;5;7;6;4;5;1;9;0;;;
Woerden;0632;8462;5176;3312;4204;1694;2597;1720;1946;767;821;1238;567;444;127;81;50;46;22;;14;15;13;1;24;4;14;2;;;
Woudenberg;0351;1736;1283;765;569;343;324;296;736;171;136;1612;105;16;23;22;5;4;2;;3;2;3;2;13;2;1;0;;;
Zeist;0355;9818;3753;3753;5963;2154;4496;2211;1472;860;1593;726;606;1001;111;128;44;30;56;;17;21;19;15;12;4;29;1;;;
Amsterdam;0363;70249;13562;31260;86410;29326;90572;38279;6833;8904;27553;687;5707;31512;954;2506;459;384;11424;204;458;239;270;150;;123;;;;;
Aalsmeer;0358;6764;2392;2351;2100;915;1116;828;798;655;505;129;476;115;110;60;28;40;23;11;11;10;5;1;;;;;;;
Amstelveen;0362;13926;4016;4410;8936;2741;5338;3438;1029;1603;1911;191;880;399;157;196;42;38;280;26;22;25;32;13;;;;;;;
Beverwijk;0375;5187;1834;3773;2634;2323;2232;1383;279;1002;846;39;565;796;146;113;37;31;37;41;10;15;25;4;;;;;;;
Blaricum;0376;2733;763;609;917;301;350;336;121;187;214;35;221;47;22;19;23;3;3;4;3;0;0;3;;;;;;;
Bloemendaal;0377;6038;1511;842;2742;462;1268;799;214;237;638;38;255;16;30;34;9;12;6;3;2;3;1;2;;;;;;;
Diemen;0384;3112;932;1826;2267;1148;2313;1295;269;591;678;16;297;352;71;107;21;11;262;16;15;6;15;5;;;;;;;
Gooise Meren;1942;12179;3252;2636;6511;1624;3221;2091;598;896;1405;140;706;389;107;118;32;36;26;20;18;9;11;7;;;;;;;
Haarlem;0392;18447;5853;8998;17293;6753;15172;7512;1682;2658;5476;215;1637;3076;232;468;143;105;192;49;91;38;69;35;;;;;;;
Haarlemmerliede en Spaarnwoude;0393;1126;421;452;474;215;346;214;44;119;145;8;88;19;25;18;0;12;4;4;3;3;2;1;;;;;;;
Haarlemmermeer;0394;26485;9182;12096;10903;5128;6579;4462;2223;3305;2808;656;2070;1381;470;328;148;115;272;82;81;45;51;23;;;;;;;
Heemskerk;0396;6013;2663;3436;3048;2372;2300;1524;358;1011;808;51;600;378;133;88;31;24;40;23;16;7;23;8;;;;;;;
Heemstede;0397;6481;1812;1064;3345;679;1634;1025;289;394;689;46;304;38;44;35;8;10;15;9;12;4;6;4;;;;;;;
Hilversum;0402;12464;4345;5470;9036;3704;6073;3314;1441;1800;2304;351;944;1169;232;314;59;67;50;24;31;24;39;22;;;;;;;
Huizen;0406;7431;3483;2803;3260;1457;1973;1358;1528;854;926;603;584;437;101;67;53;27;28;9;18;11;13;8;;;;;;;
Laren;0417;3503;747;565;922;282;393;284;78;151;243;9;166;16;19;25;10;6;4;1;2;1;1;3;;;;;;;
Ouder-Amstel;0437;2305;833;732;1431;407;878;671;156;288;327;85;155;51;27;30;8;12;56;3;11;0;10;7;;;;;;;
Uithoorn;0451;5717;1822;2286;2300;1084;1368;973;290;729;592;59;394;203;85;94;19;30;32;10;14;17;9;5;;;;;;;
Velsen;0453;10211;3737;6947;5436;3447;3389;2595;993;1793;1537;122;1076;594;237;160;63;61;23;43;37;16;26;14;;;;;;;
Weesp;0457;2714;1119;1211;1836;827;1407;802;175;459;449;48;176;316;57;49;25;14;20;5;9;8;11;2;;;;;;;
Wijdemeren;1696;5371;2043;1660;2005;812;1051;769;375;474;526;133;357;25;77;53;12;22;7;11;10;4;10;1;;;;;;;
Zandvoort;0473;3475;815;1769;1179;651;713;604;72;454;517;14;378;38;84;40;18;28;7;9;10;6;7;6;;;;;;;
Alkmaar;0361;15040;5858;7236;9455;5821;8686;4933;1077;2245;3242;139;1344;1281;379;329;124;109;138;91;50;53;56;22;;;;;12;;
Beemster;0370;2277;723;652;759;308;451;401;44;159;227;19;151;12;28;13;2;8;6;7;6;3;4;1;;;;;2;;
Bergen (NH);0373;6202;2091;2236;2654;1212;2180;1376;222;630;1203;35;438;15;215;60;44;34;6;11;10;12;11;9;;;;;3;;
Castricum;0383;7082;2815;1997;3616;1715;2686;1732;297;682;987;45;480;28;114;88;35;36;17;14;7;10;12;7;;;;;2;;
Den Helder;0400;7297;4026;6459;2921;2783;2144;1877;1083;1793;1086;288;996;97;340;131;62;48;23;41;17;25;29;10;;;;;10;;
Drechterland;0498;3929;1833;1510;1497;878;812;650;139;447;352;27;321;3;90;40;22;27;14;8;8;8;4;3;;;;;4;;
Edam-Volendam;0385;5517;5251;5212;1657;866;1219;895;157;678;622;45;1470;73;165;46;40;30;8;19;15;9;7;2;;;;;4;;
Enkhuizen;0388;2598;1158;1496;1356;1246;1027;802;245;412;462;164;223;162;44;51;13;20;14;10;7;5;7;6;;;;;2;;
Heerhugowaard;0398;8572;3563;3992;4047;3061;2766;1949;658;1135;1059;69;688;504;163;120;60;72;36;121;27;22;41;8;;;;;7;;
Heiloo;0399;4832;1771;1166;2553;881;1589;1197;238;382;689;53;301;17;70;56;19;20;7;7;11;12;11;4;;;;;1;;
Hollands Kroon;1911;8618;3887;4375;2936;2455;1867;1650;576;1233;820;174;859;15;218;89;61;62;3;80;15;15;19;8;;;;;7;;
Hoorn;0405;10073;3827;5432;5592;4212;4659;3166;695;1571;1728;109;955;692;193;193;75;74;154;39;55;24;19;24;;;;;7;;
Koggenland;1598;4982;2233;1630;1583;974;931;717;132;535;418;50;312;9;112;41;18;31;8;20;13;10;3;5;;;;;1;;
Landsmeer;0415;1958;546;1005;1026;633;728;577;66;249;308;23;188;41;26;20;9;26;13;5;7;3;0;0;;;;;0;;
Langedijk;0416;5163;2141;2025;2261;1270;1559;999;523;604;630;88;429;77;140;58;30;33;9;35;18;20;6;5;;;;;1;;
Medemblik;0420;7842;3983;3561;3058;2027;1707;1344;702;1066;818;239;639;159;174;99;41;52;10;43;19;12;8;6;;;;;2;;
Oostzaan;0431;1802;423;1114;666;432;495;496;107;284;260;27;158;30;48;27;10;14;12;2;5;5;2;1;;;;;1;;
Opmeer;0432;2286;1129;815;943;461;482;358;66;287;177;17;171;2;63;27;12;15;2;7;6;10;2;2;;;;;1;;
Purmerend;0439;10687;3826;9191;5407;4400;4177;3209;691;2474;1765;89;1112;553;252;252;92;94;354;45;57;30;27;15;;;;;9;;
Schagen;0441;9169;3545;3265;3658;2381;2433;1964;361;1059;1014;67;683;19;158;107;45;54;4;65;18;13;24;9;;;;;4;;
Stede Broec;0532;3383;1829;1998;1433;1361;882;709;175;624;383;52;287;51;89;44;24;19;9;17;9;12;2;4;;;;;4;;
Texel;0448;2704;1310;963;1144;806;1003;776;210;271;373;72;179;1;61;32;15;15;6;12;5;11;1;4;;;;;0;;
Uitgeest;0450;2715;980;862;1267;688;815;568;101;270;296;16;210;14;59;35;11;17;5;4;8;3;4;0;;;;;2;;
Waterland;0852;3060;1689;1391;1484;746;1136;904;212;361;448;41;306;16;63;28;13;15;17;4;6;4;1;6;;;;;0;;
Wormerland;0880;2694;1034;1255;1172;1046;1101;763;205;423;386;43;236;58;48;46;21;16;17;5;11;2;2;4;;;;;1;;
Zaanstad;0479;17410;6510;13188;10379;9308;9214;6388;1676;3710;3706;363;1824;4538;433;375;134;161;631;98;92;57;65;36;;;;;41;;
's-Gravenhage;0518;67595;19853;45242;51649;17614;39242;21784;6134;7850;13785;1638;5781;19263;1024;1315;352;266;1253;170;226;133;240;105;;70;;;49;;
Rotterdam;0599;53382;18813;50759;42687;26830;37591;20627;7622;10835;12618;2323;5753;25710;1208;1432;396;295;4297;200;254;151;196;123;;87;;42;;;
Alblasserdam;0482;1907;1467;1728;797;915;618;684;1112;349;245;1955;212;210;51;28;15;5;3;9;2;4;1;1;28;1;;0;;;
Albrandswaard;0613;4499;1761;2716;1647;1018;861;742;443;563;430;204;473;156;86;46;19;21;32;14;10;7;7;4;8;4;;0;;;
Barendrecht;0489;7715;3570;4699;3008;1784;1848;1331;1235;1061;737;1294;787;621;161;74;41;28;86;24;11;10;14;5;16;1;;3;;;
Binnenmaas;0585;4847;2706;2943;1665;1278;929;1147;901;654;567;1169;463;13;100;48;37;15;6;11;11;10;1;7;11;4;;0;;;
Brielle;0501;3160;1202;1964;1069;953;604;605;151;419;329;50;352;16;60;35;41;22;5;6;8;12;4;1;6;1;;2;;;
Cromstrijen;0611;2267;1176;1350;755;619;427;468;309;324;222;583;183;2;47;20;10;5;2;4;6;1;4;1;4;1;;1;;;
Delft;0503;10780;4509;6965;12300;4055;8702;3950;1920;1590;2348;324;1032;1142;162;450;71;58;133;34;43;20;40;17;35;11;;5;;;
Dordrecht;0505;12694;6402;10893;7101;6478;6342;3925;3237;2221;2715;2121;1172;3123;271;268;97;63;143;50;45;26;22;19;74;15;;18;;;
Giessenlanden;0689;2508;1738;1062;677;622;393;503;1022;244;177;688;172;7;38;12;18;5;3;7;1;3;4;3;27;1;;1;;;
Goeree-Overflakkee;1924;6179;4105;4954;1687;2102;1098;1376;2330;956;659;5644;603;8;155;51;48;23;7;16;12;12;9;10;62;2;;2;;;
Gorinchem;0512;4546;2135;2883;2402;1909;1741;1340;1119;657;625;472;400;1075;68;52;19;19;16;10;11;3;2;4;38;3;;0;;;
Hardinxveld-Giessendam;0523;1832;1741;1319;443;616;292;417;1930;230;147;2360;161;20;21;24;13;12;1;4;5;0;6;2;25;0;;1;;;
Hellevoetsluis;0530;5675;2118;5205;2025;2074;1360;1313;439;1217;792;100;739;331;218;72;56;40;25;21;22;16;5;6;13;2;;1;;;
Hendrik-Ido-Ambacht;0531;4414;2333;2536;1546;1127;852;763;1179;529;383;2441;373;167;73;32;19;19;15;13;6;5;3;3;14;1;;0;;;
Korendijk;0588;1546;922;1042;491;431;327;284;315;251;180;1315;158;3;32;12;7;10;2;3;9;1;2;6;7;0;;0;;;
Leerdam;0545;2460;1666;1857;896;903;684;550;879;344;279;1124;198;862;39;19;35;6;2;5;11;4;7;2;12;1;;1;;;
Maassluis;0556;4519;2668;3388;1875;1381;1173;1086;754;786;557;171;381;1176;101;66;30;24;38;9;9;5;11;5;6;1;;4;;;
Midden-Delfland;1842;4149;2431;1234;1662;484;841;536;514;284;293;77;297;44;54;36;13;13;7;5;3;6;5;2;5;0;;0;;;
Molenwaard;1927;3045;3261;1857;806;904;553;646;2648;347;265;4165;261;18;59;21;17;10;2;6;2;7;3;1;38;0;;0;;;
Nissewaard;1930;10560;4789;12359;4101;5464;3093;2879;1145;2904;1555;362;1360;432;340;183;92;69;182;67;57;32;33;14;52;5;;11;;;
Oud-Beijerland;0584;3766;1846;2248;1548;1010;897;820;825;461;426;1418;379;17;59;45;32;12;6;9;15;10;2;4;1;1;;2;;;
Papendrecht;0590;4653;2713;3048;1794;1620;1296;1009;1349;750;506;913;452;214;113;62;29;15;16;16;11;4;9;8;21;1;;5;;;
Ridderkerk;0597;5385;3460;5273;2183;2233;1588;1351;1688;1263;764;2493;662;419;132;76;50;26;31;9;17;7;14;8;21;2;;4;;;
Rijswijk;0603;6852;3015;5507;4014;2009;2748;1752;621;1164;1171;114;692;517;119;140;45;34;69;16;11;25;18;6;14;5;;3;;;
Schiedam;0606;7120;3274;8339;4209;4008;3444;2397;706;1783;1397;211;894;3453;214;156;65;44;201;31;29;15;23;22;36;9;;3;;;
Sliedrecht;0610;2411;1990;1998;899;1220;659;715;1652;439;332;2398;228;216;54;39;19;15;6;9;5;6;6;1;14;2;;0;;;
Strijen;0617;1449;874;962;492;425;296;315;306;188;185;227;178;1;32;17;11;4;3;4;2;4;2;0;12;0;;1;;;
Vlaardingen;0622;8036;4181;7869;4125;4057;3107;2488;1193;1731;1378;659;971;2433;228;134;82;40;122;27;40;20;17;5;29;5;;0;;;
Westland;1783;21812;12452;11069;5116;2480;2624;1866;1921;1723;1349;1049;2053;517;287;130;92;83;5;36;23;32;22;13;45;4;;6;;;
Westvoorne;0614;3392;1099;1591;945;519;389;497;149;353;338;49;280;7;66;20;19;10;5;6;6;7;4;3;3;1;;1;;;
Zederik;0707;1729;1937;957;506;446;320;413;1096;173;139;1400;88;2;35;15;11;10;1;1;6;2;8;0;11;0;;3;;;
Zwijndrecht;0642;5416;3418;4630;2244;2375;1601;1301;1583;1088;731;1221;552;753;130;71;52;20;26;17;8;8;11;7;47;6;;1;;;
Alphen aan den Rijn;0484;17829;9099;7957;8216;4464;5420;3213;3064;1942;1965;1900;1526;1245;324;268;137;84;76;;45;36;37;18;43;16;;2;;;
Bodegraven-Reeuwijk;1901;5952;3516;2554;2056;878;1243;787;1488;525;386;1772;394;247;81;60;23;20;3;;7;12;5;2;21;2;;1;;;
Capelle aan den IJssel;0502;7854;3435;6439;4040;3224;2909;2203;1584;1536;1323;2016;860;502;232;122;55;37;312;;25;9;18;12;43;6;;3;;;
Gouda;0513;7361;4400;5471;5750;3188;4660;2733;2721;1202;1558;1996;797;1735;192;164;78;49;29;;21;19;31;9;43;7;;7;;;
Hillegom;0534;3870;1641;1820;1593;876;980;687;233;565;443;75;390;86;64;42;19;28;7;;5;11;4;7;3;3;;1;;;
Kaag en Braassem;1884;5631;2722;2335;2171;930;1090;712;271;590;455;100;433;24;94;43;26;30;5;;9;5;4;3;5;2;;1;;;
Katwijk;0537;8212;8263;5907;2338;1803;1528;1181;3927;1146;843;3911;1079;178;172;105;45;38;17;;11;9;12;3;57;10;;5;;;
Krimpen aan den IJssel;0542;3616;2009;2789;1619;1216;995;1040;1259;579;470;2690;387;84;75;46;9;22;33;;7;5;16;3;12;5;;0;;;
Krimpenerwaard;1931;8934;4830;4630;3124;2191;2018;1883;2226;1019;1034;3433;708;276;157;77;55;32;9;;18;8;28;3;26;5;;5;;;
Lansingerland;1621;12033;5027;4877;4326;1585;2060;1473;2065;944;962;431;850;385;178;123;48;51;48;;13;12;8;2;17;2;;1;;;
Leiden;0546;13071;4818;8172;16305;5152;13179;5387;1916;1603;3692;268;1378;1631;192;436;105;44;175;;49;32;46;19;37;19;;7;;;
Leiderdorp;0547;4493;2001;1958;2887;1089;1581;1219;415;526;531;183;388;239;64;57;24;19;15;;15;3;6;2;5;2;;1;;;
Leidschendam-Voorburg;1916;12831;5351;5710;7001;2480;3744;2755;958;1443;1772;210;977;501;195;141;64;63;97;;34;20;32;23;25;10;;4;;;
Lisse;0553;4332;2167;1740;1809;832;902;600;475;587;448;720;360;24;80;42;17;15;6;;7;4;8;2;2;0;;8;;;
Nieuwkoop;0569;5572;3186;2486;1746;932;1019;680;501;562;383;368;416;42;101;61;25;41;5;;9;9;7;3;13;6;;1;;;
Noordwijk;0575;5578;1906;2102;1909;943;1174;764;276;592;520;79;499;70;82;43;25;23;4;;6;4;8;4;3;1;;1;;;
Noordwijkerhout;0576;3487;1443;1390;1126;593;669;387;120;438;289;15;339;14;58;26;12;13;4;;5;6;6;1;2;0;;2;;;
Oegstgeest;0579;4531;1560;1056;3034;607;1547;1024;465;311;512;65;257;54;46;49;14;3;13;;6;3;7;1;3;2;;0;;;
Pijnacker-Nootdorp;1926;9778;4114;4387;4424;1550;2288;1472;991;782;894;253;757;259;156;104;61;45;35;;14;10;16;9;13;4;;5;;;
Teylingen;1525;7594;3218;2414;3481;1219;1789;987;512;749;646;93;525;97;73;73;35;24;6;;14;17;14;6;5;2;;3;;;
Voorschoten;0626;4911;1889;1604;2730;845;1518;999;382;339;574;52;323;105;59;52;19;32;6;;6;12;11;2;4;2;;1;;;
Waddinxveen;0627;3739;2319;2128;1613;951;979;755;1588;557;353;1427;304;300;54;45;31;19;4;;11;2;10;3;19;1;;2;;;
Wassenaar;0629;6331;1843;1749;1694;508;742;500;215;359;474;70;493;36;43;26;36;13;9;;6;9;5;3;2;8;;0;;;
Zoetermeer;0637;17595;7424;12271;9200;5858;6209;4424;2088;3045;2601;813;1896;928;328;369;204;99;251;;49;47;69;30;47;19;;13;;;
Zoeterwoude;0638;1450;946;613;766;329;467;278;97;189;191;44;129;22;17;11;9;9;2;;3;1;3;3;1;0;;1;;;
Zuidplas;1892;6951;3234;3451;2558;1650;1503;1156;1691;680;682;1934;596;247;127;75;47;32;15;;14;13;16;4;41;3;;3;;;
Borsele;0654;2752;2459;1650;1026;1129;665;635;507;491;359;2399;252;4;52;43;6;12;4;10;;7;12;1;;2;;0;;;
Goes;0664;4676;3434;2576;2328;2436;1866;1391;1144;721;733;1514;358;121;80;66;56;25;16;14;;6;8;8;;5;;1;;;
Hulst;0677;3540;2381;2804;1289;1903;882;855;130;833;422;56;241;19;71;30;30;20;3;17;;6;6;4;;2;;6;;;
Kapelle;0678;1812;1294;837;688;606;395;368;580;247;190;1087;139;5;36;16;5;12;1;2;;2;2;3;;0;;0;;;
Middelburg;0687;5022;3405;2813;3128;3004;3072;2160;2031;818;1217;2449;461;375;84;86;39;27;20;19;;14;9;3;;7;;1;;;
Noord-Beveland;1695;1172;698;711;332;410;253;296;141;175;180;217;105;3;30;13;8;15;1;4;;3;2;2;;0;;1;;;
Reimerswaal;0703;1860;1555;1686;499;815;312;426;695;297;208;4484;200;69;46;27;11;10;4;6;;4;6;1;;2;;4;;;
Schouwen-Duiveland;1676;5613;3053;2872;1770;1828;1178;1242;1065;706;723;2149;468;4;75;39;21;31;4;10;;7;10;10;;1;;3;;;
Sluis;1714;3544;1881;2305;1032;1461;742;996;229;532;363;187;228;6;67;33;8;18;4;4;;8;1;7;;1;;1;;;
Terneuzen;0715;5634;4244;5351;2493;3349;1754;1723;1447;1356;708;1257;512;520;123;92;43;38;29;25;;20;14;11;;6;;6;;;
Tholen;0716;2455;1902;2475;712;1282;491;620;1019;419;277;3897;258;53;59;20;13;11;2;13;;4;7;9;;3;;1;;;
Veere;0717;3423;2561;1173;1198;917;811;791;873;360;425;2179;264;4;54;33;13;22;2;5;;5;0;3;;3;;0;;;
Vlissingen;0718;4741;2696;4049;2526;3159;2133;1700;831;1207;1003;507;581;396;116;126;45;42;32;24;;14;15;9;;6;;9;;;
Aalburg;0738;1327;1362;1229;294;444;165;149;931;154;148;1954;100;7;49;12;5;12;0;2;7;2;1;1;12;0;;0;;;
Alphen-Chaam;1723;2051;1425;799;671;614;329;183;44;219;154;13;104;13;27;21;48;11;0;5;2;4;1;2;3;2;;0;;;
Baarle-Nassau;0744;1044;918;726;313;413;214;126;23;167;117;9;67;8;9;6;9;3;0;3;2;1;4;1;3;1;;0;;;
Bergen op Zoom;0748;9557;4213;6878;4113;4243;3170;1681;417;1628;989;63;610;1744;122;91;39;43;16;139;25;11;16;10;20;4;;5;;;
Breda;0758;30141;10498;12759;16528;10498;11567;5325;1102;2771;3719;158;1788;2132;341;462;152;121;122;103;57;44;44;36;32;13;;8;;;
Dongen;0766;4114;2165;2135;1845;1935;1101;791;212;548;355;54;237;326;64;32;12;23;4;82;6;2;9;4;7;2;;3;;;
Drimmelen;1719;4836;2327;2897;1770;1966;1040;720;145;689;448;47;296;15;67;32;30;22;4;13;3;4;6;4;3;1;;1;;;
Etten-Leur;0777;6841;3541;4172;2624;2863;1909;1065;242;913;561;51;403;539;95;42;37;33;18;49;12;7;13;7;9;4;;2;;;
Geertruidenberg;0779;3362;1695;2554;1165;1825;801;582;127;523;287;42;303;24;61;31;16;15;2;11;6;1;0;4;3;6;;0;;;
Gilze en Rijen;0784;3903;2256;2356;1816;1975;1161;694;90;714;365;30;311;472;58;45;27;19;4;29;6;4;8;4;3;1;;3;;;
Goirle;0785;3719;2018;1917;2036;2015;1275;733;86;549;359;7;261;80;48;25;20;19;8;17;8;6;0;4;5;2;;1;;;
Halderberge;1655;4742;2496;3630;1497;2222;1006;630;146;715;376;33;286;233;55;44;24;28;4;14;6;1;8;9;5;4;;1;;;
Hilvarenbeek;0798;2858;2093;944;1226;1200;673;434;75;299;226;9;112;4;25;20;7;11;1;15;4;2;1;5;3;1;;0;;;
Loon op Zand;0809;3923;2094;2480;1369;1646;938;562;131;567;326;77;207;84;60;22;22;24;7;24;9;4;3;3;5;0;;2;;;
Moerdijk;1709;5832;3276;4079;1892;2684;1253;933;587;891;598;141;399;111;132;51;48;34;9;21;5;4;8;3;12;2;;0;;;
Oisterwijk;0824;5167;2438;1868;2094;1731;1293;639;128;543;387;21;236;58;50;35;7;19;8;17;12;5;0;2;3;4;;1;;;
Oosterhout;0826;8581;3952;5511;3836;3584;2428;1484;313;1168;778;36;554;980;130;72;37;42;22;34;18;20;4;6;12;9;;2;;;
Roosendaal;1674;10749;5745;8177;4296;4867;4098;1753;365;1629;1001;71;751;1629;143;99;81;41;23;35;25;21;45;13;16;4;;2;;;
Rucphen;0840;2718;1575;5396;721;1411;456;377;66;563;224;8;217;9;44;12;13;16;1;12;6;2;6;5;5;0;;3;;;
Steenbergen;0851;3599;1830;3322;1164;1587;686;531;217;607;318;183;289;13;72;29;15;17;2;13;4;7;5;5;21;1;;2;;;
Tilburg;0855;24204;11174;16470;17903;13758;14456;5726;1001;3923;4236;175;1923;3971;396;442;120;123;205;159;67;50;51;37;60;24;;11;;;
Waalwijk;0867;7118;3750;4562;2689;3180;1690;1042;738;1165;662;574;488;612;122;71;32;32;2;34;11;15;6;8;19;0;;5;;;
Werkendam;0870;3356;3116;2629;987;1216;615;576;1242;441;280;2093;258;11;70;20;18;21;3;9;6;5;5;1;20;2;;2;;;
Woensdrecht;0873;3222;1790;2725;1053;1481;599;480;106;544;309;20;241;29;60;19;16;11;3;53;6;7;10;0;5;2;;2;;;
Woudrichem;0874;1917;2002;1221;582;709;394;357;1331;227;184;455;161;1;48;19;4;12;2;8;3;1;1;1;18;1;;0;;;
Zundert;0879;3746;2364;2210;1090;1337;643;412;70;468;279;26;226;40;48;19;55;19;3;36;5;8;2;3;1;0;;2;;;
Asten;0743;2942;2201;1320;1026;1304;586;366;51;383;214;17;172;10;26;24;9;15;1;14;6;5;3;6;;2;;3;;;
Bergeijk;1724;3057;2631;1575;0;1386;575;393;93;422;252;33;204;6;62;26;10;12;5;30;6;4;1;4;;3;;0;;;
Bernheze;1721;4835;3845;2237;2077;2901;988;641;108;555;275;21;281;43;59;52;16;25;4;10;2;7;2;5;;2;;0;;;
Best;0753;4878;2477;2356;2258;2194;1210;697;403;800;412;39;279;225;86;42;19;27;8;25;13;8;8;3;;0;;2;;;
Bladel;1728;3309;2424;1661;1189;1781;677;448;75;554;261;22;217;3;44;24;12;25;2;31;6;7;4;4;;2;;2;;;
Boekel;0755;1585;1563;862;562;969;256;179;26;170;111;8;89;2;28;21;4;12;2;4;3;13;0;2;;1;;2;;;
Boxmeer;0756;3960;0;1933;0;5406;0;649;0;0;0;0;0;0;0;0;0;0;0;0;0;0;0;0;;0;;0;;;
Boxtel;0757;4274;2511;2306;2487;2676;1588;930;160;569;463;18;266;194;59;57;15;28;6;14;16;7;6;2;;5;;1;;;
Cranendonck;1706;3211;2329;2300;1193;1629;548;425;89;597;336;18;242;13;55;34;18;15;3;16;4;10;1;1;;1;;3;;;
Cuijk;1684;3275;2182;1980;1759;3059;1114;631;97;440;372;8;182;475;74;43;8;12;7;15;7;11;8;8;;4;;3;;;
Deurne;0762;5185;3884;2891;1812;2764;1081;636;89;770;370;25;310;39;80;59;37;34;9;19;9;14;6;9;;5;;3;;;
Eersel;0770;3343;2454;1310;1344;1437;661;454;88;430;266;23;171;5;52;31;13;23;2;24;3;9;6;2;;4;;0;;;
Eindhoven;0772;24122;10882;15850;20279;14599;15240;6620;1986;4506;5050;250;2139;4343;441;811;144;123;172;86;98;78;75;44;;29;;10;;;
Geldrop-Mierlo;1771;5312;3377;3703;3008;3240;1961;1059;299;875;724;31;397;236;91;104;29;23;13;25;13;16;6;4;;9;;3;;;
Gemert-Bakel;1652;4271;3691;2843;1710;2963;1067;581;68;614;391;23;280;13;79;50;13;31;3;14;11;6;6;3;;1;;3;;;
Grave;0786;1831;1189;1129;912;1265;527;340;50;263;207;10;127;6;36;25;6;9;2;2;5;8;2;1;;2;;2;;;
Haaren;0788;2546;1754;908;1034;911;622;341;73;324;203;16;104;9;29;17;14;6;2;20;3;4;2;2;;0;;0;;;
Heeze-Leende;1658;3053;1829;1172;1321;1095;625;420;91;293;234;17;146;11;34;31;18;14;2;13;9;1;2;0;;0;;0;;;
Helmond;0794;10493;5272;10260;4777;7067;3532;1898;388;1805;1188;51;820;1501;201;148;71;51;41;50;38;29;22;12;;4;;19;;;
Heusden;0797;7289;4010;4415;2980;3121;1642;1105;300;933;652;63;457;414;112;66;42;44;9;46;15;7;12;15;;3;;2;;;
Laarbeek;1659;3524;2400;2189;1383;2149;707;500;62;375;271;17;193;4;50;32;11;21;2;15;5;4;3;5;;4;;2;;;
Landerd;1685;2598;1916;1301;1051;1659;479;360;63;298;169;10;131;2;28;25;10;11;3;2;6;7;1;1;;0;;2;;;
Meierijstad;1948;12714;8712;6428;5240;6689;2962;1904;246;1568;944;48;680;817;173;117;53;90;8;31;24;14;14;8;;7;;12;;;
Mill en Sint Hubert;0815;1685;1479;986;561;1444;326;234;46;239;114;12;84;6;17;19;15;14;0;5;7;7;3;0;;0;;1;;;
Nuenen, Gerwen en Nederwetten;0820;4432;2269;1508;2297;1591;1240;863;167;434;402;14;265;20;53;33;17;12;4;30;9;9;8;4;;2;;2;;;
Oirschot;0823;3425;2383;1523;1282;1486;617;456;75;389;218;28;207;4;41;24;9;21;0;13;3;5;2;1;;4;;1;;;
Oss;0828;11543;7943;9159;5413;9615;3447;2212;320;1756;1122;42;850;1521;201;157;60;75;27;47;25;18;15;10;;6;;4;;;
Reusel-De Mierden;1667;2062;1606;1107;751;1152;359;278;39;331;148;14;105;2;20;21;10;16;1;19;5;1;7;0;;2;;1;;;
's-Hertogenbosch;0796;21683;9241;13810;13484;10198;10218;4724;850;2760;3116;140;1532;2107;282;334;109;106;78;72;65;29;43;27;;17;;8;;;
Sint Anthonis;1702;1838;2070;688;684;1598;372;211;37;150;118;21;72;2;9;10;9;15;0;7;5;4;1;0;;0;;0;;;
Sint-Michielsgestel;0845;4787;2821;2380;2368;2218;1309;826;136;523;427;18;276;17;70;49;16;19;6;29;6;5;7;1;;0;;9;;;
Someren;0847;3358;2349;1923;1082;1379;522;383;62;556;202;18;173;16;68;22;14;22;2;8;4;4;9;4;;1;;0;;;
Son en Breugel;0848;3157;1702;1135;1471;901;754;447;126;371;311;17;161;12;46;29;9;17;5;6;4;7;4;3;;0;;1;;;
Uden;0856;6544;4026;3304;3020;3756;1644;1029;145;746;593;22;415;358;78;71;21;39;8;23;15;27;5;3;;4;;4;;;
Valkenswaard;0858;4865;2927;3188;2051;2545;1227;883;187;910;464;23;347;19;73;51;38;24;5;26;14;21;7;1;;6;;2;;;
Veldhoven;0861;7045;3868;4032;3406;3697;1913;1174;342;1064;692;49;437;50;117;102;34;46;6;35;20;6;15;7;;8;;8;;;
Vught;0865;4933;1862;1577;2751;1749;1563;913;152;427;487;27;228;24;45;46;16;12;7;12;8;8;5;1;;2;;2;;;
Waalre;0866;3263;1503;1165;1655;991;822;490;148;374;367;22;200;9;49;20;17;10;2;7;5;8;2;5;;1;;0;;;
Beek;0888;2040;1824;2138;1232;1213;636;397;65;524;276;12;272;45;40;34;14;10;1;;9;5;7;0;;0;;;;;
Beesel;0889;1566;1262;1759;804;1019;493;326;40;445;184;13;141;89;36;13;15;5;3;;3;7;3;0;;0;;;;;
Bergen (L);0893;1598;1537;1589;589;1699;372;244;38;318;165;11;120;8;26;10;9;11;1;;3;0;2;1;;0;;;;;
Brunssum;0899;2235;1953;4611;1262;3224;949;739;223;955;577;45;322;88;74;59;29;27;18;;16;12;7;5;;2;;;;;
Echt-Susteren;1711;3262;3994;4623;1761;2580;1064;659;107;1034;601;22;361;47;145;48;18;34;11;;10;5;10;2;;2;;;;;
Eijsden-Margraten;1903;3414;3491;2393;2020;1615;1176;820;104;756;482;17;410;2;44;21;20;28;3;;9;2;8;3;;2;;;;;
Gennep;0907;2276;1520;1376;1109;2325;693;511;83;281;284;11;168;64;38;19;19;9;0;;5;3;1;2;;1;;;;;
Gulpen-Wittem;1729;1703;1865;1784;922;1198;856;427;69;505;288;30;167;11;21;20;9;18;2;;8;4;6;2;;2;;;;;
Heerlen;0917;6541;4822;11773;4271;10213;3594;2044;390;2251;1881;83;932;678;162;168;93;62;37;;33;40;30;19;;16;;;;;
Horst aan de Maas;1507;5720;5886;3433;2918;3652;1444;920;150;1049;510;24;426;30;99;67;33;50;2;;13;28;5;6;;5;;;;;
Kerkrade;0928;3243;2775;7324;1617;4900;1350;1059;107;1217;816;22;460;145;66;59;33;27;6;;21;26;18;7;;5;;;;;
Landgraaf;0882;3429;2730;6130;1880;3884;1339;1011;153;1200;733;23;425;66;69;51;48;31;5;;19;11;11;7;;5;;;;;
Leudal;1640;4646;4045;3715;3770;2474;966;633;129;990;513;46;511;19;99;30;38;47;4;;20;11;14;6;;8;;;;;
Maasgouw;1641;3083;2462;2908;1551;1831;782;503;94;775;432;21;342;11;63;42;26;24;4;;10;13;5;5;;3;;;;;
Maastricht;0935;10738;7169;12477;10145;7693;7441;3618;563;2800;2593;79;1575;672;130;193;76;66;65;;54;35;35;29;;23;;;;;
Meerssen;0938;2525;2083;2273;1534;1436;909;525;71;613;347;14;262;8;29;29;20;19;3;;3;10;5;3;;1;;;;;
Mook en Middelaar;0944;1324;642;547;879;602;580;328;57;112;217;4;64;3;17;9;10;8;1;;4;3;0;2;;1;;;;;
Nederweert;0946;2494;2317;1844;1023;1205;501;355;46;498;203;14;185;2;46;33;23;15;0;;5;5;7;0;;2;;;;;
Nuth;0951;1976;1836;1874;958;1301;646;411;41;511;310;14;231;5;34;21;8;10;3;;11;3;4;7;;5;;;;;
Onderbanken;0881;785;733;1265;418;796;319;152;27;245;156;9;103;8;26;9;21;8;1;;5;4;2;1;;1;;;;;
Peel en Maas;1894;6045;6327;4471;2525;2839;1291;821;98;1203;486;41;490;143;122;59;98;48;6;;20;10;14;7;;5;;;;;
Roerdalen;1669;2341;2135;3044;1148;1471;682;471;69;742;364;16;284;27;55;24;14;24;0;;13;7;4;3;;2;;;;;
Roermond;0957;6169;3907;6169;3596;3753;2595;1325;227;1333;1069;27;902;1384;133;83;50;45;29;;33;34;30;11;;14;;;;;
Schinnen;0962;1548;1576;1441;1000;1132;591;341;69;443;306;20;170;7;32;21;14;4;2;;6;8;8;1;;1;;;;;
Simpelveld;0965;1059;1154;1510;582;991;383;300;27;316;186;7;95;3;10;17;5;15;1;;2;4;3;3;;0;;;;;
Sittard-Geleen;1883;8944;8609;12115;6130;7525;4576;2450;388;2745;1993;42;1141;570;188;156;68;84;21;;41;27;36;15;;9;;;;;
Stein;0971;2749;2348;3784;1484;2433;1010;573;80;1000;513;24;342;36;67;45;28;45;6;;17;9;7;4;;6;;;;;
Vaals;0981;783;711;989;376;662;315;257;30;242;174;4;100;4;9;12;4;2;1;;2;3;0;1;;4;;;;;
Valkenburg aan de Geul;0994;2294;1843;2012;1243;1156;762;448;86;533;356;12;253;14;29;22;10;8;3;;5;4;6;2;;0;;;;;
Venlo;0983;11199;7367;11672;5777;7004;4138;2285;330;2687;1456;68;1240;1936;162;149;76;60;22;;39;24;34;22;;5;;;;;
Venray;0984;5798;4741;3358;2944;4265;1583;1035;175;833;431;45;386;506;93;52;21;43;12;;27;11;12;9;;0;;;;;
Voerendaal;0986;1635;1473;1428;1007;1115;533;388;60;395;245;5;133;15;15;11;22;10;3;;4;6;4;2;;0;;;;;
Weert;0988;6651;4493;5395;3389;3651;1765;1135;208;1452;691;34;708;735;131;79;63;39;9;;31;13;14;17;;3;;;;;
Bonaire;9001;397;413;122;727;77;222;209;92;41;113;12;39;16;13;;6;4;38;;;;;;;;;;;;
Saba;9003;13;40;11;115;100;62;25;4;2;2;0;4;0;2;;1;1;1;;;;;;;;;;;;
Sint Eustatius;9002;6;338;8;27;8;15;5;4;2;3;0;2;0;0;;0;0;14;;;;;;;;;;;;
